Track name, Artist name, Album, Playlist name, Type
"Ariana Grande, Social House - boyfriend (Official Video)",,,BT Tryhard 22/01/23,Playlist track
JVKE - golden hour (official music video),,,BT Tryhard 22/01/23,Playlist track
Metro Boomin Â· Gunna - Space Cadet,,,BT Tryhard 22/01/23,Playlist track
The Weeknd Â· Daft Punk - Starboy,,,BT Tryhard 22/01/23,Playlist track
Ariana Grande - no tears left to cry,,,BT Tryhard 22/01/23,Playlist track
EMELINE - cinderella's dead,,,BT Tryhard 22/01/23,Playlist track
Ed Sheeran Â· Khalid - Beautiful People (feat. Khalid),,,BT Tryhard 22/01/23,Playlist track
Ashnikko - Daisy,,,BT Tryhard 22/01/23,Playlist track
Olivia Rodrigo - good 4 u,,,BT Tryhard 22/01/23,Playlist track
Maroon 5 - Maps,,,BT Tryhard 22/01/23,Playlist track
Post Malone Â· Swae Lee - Sunflower (Spider-Man: Into the Spider-Verse),,,BT Tryhard 22/01/23,Playlist track
Iggy Azalea Â· Rita Ora - Black Widow,,,BT Tryhard 22/01/23,Playlist track
Charlie Puth - River,,,BT Tryhard 22/01/23,Playlist track
Dua Lipa - IDGAF,,,BT Tryhard 22/01/23,Playlist track
ZAYN Â· Devlin - Windowsill,,,BT Tryhard 22/01/23,Playlist track
Halsey - New Americana,,,BT Tryhard 22/01/23,Playlist track
OneRepublic - I Ainâ€™t Worried (From â€œTop Gun: Maverickâ€) [Official Music Video],,,BT Tryhard 22/01/23,Playlist track
Ed Sheeran - Don't,,,BT Tryhard 22/01/23,Playlist track
Troye Sivan - Strawberries & Cigarettes,,,BT Tryhard 22/01/23,Playlist track
Ariana Grande - 7 rings,,,3/07/21,Playlist track
Lukas Graham - 7 Years,,,3/07/21,Playlist track
Ed Sheeran - Afterglow,,,3/07/21,Playlist track
Alan Walker Â· Noah Cyrus Â· Digital Farm Animals Â· Juliander - All Falls Down,,,3/07/21,Playlist track
Billie Eilish - all the good girls go to hell,,,3/07/21,Playlist track
Meghan Trainor - All About That Bass,,,3/07/21,Playlist track
John Legend - All of Me,,,3/07/21,Playlist track
Bruno Mars - 24K Magic,,,3/07/21,Playlist track
Jon Bellion - All Time Low,,,3/07/21,Playlist track
Jacksepticeye Â· The Gregory Brothers - All the Way (I Believe In Steve),,,3/07/21,Playlist track
"Alan Walker Â· Ava Max - Alone, Pt. II",,,3/07/21,Playlist track
Estelle feat. Kanye West Â· Estelle Â· Kanye West - American Boy,,,3/07/21,Playlist track
Maroon 5 - Animals,,,3/07/21,Playlist track
Duncan Laurence Â· FLETCHER - Arcade,,,3/07/21,Playlist track
Stellar - Ashes,,,3/07/21,Playlist track
Vicetone Â· Tony Igy Â· Anton Igumnov - Astronomia,,,3/07/21,Playlist track
Selena Gomez - Back To You (From 13 Reasons Why â€“ Season 2 Soundtrack),,,3/07/21,Playlist track
Halsey - Bad At Love,,,3/07/21,Playlist track
Billie Eilish - bad guy,,,3/07/21,Playlist track
Billie Eilish - bad guy,,,3/07/21,Playlist track
The Federal Empire - Bad Habits,,,3/07/21,Playlist track
Marshmello & Halsey - Be Kind (Official Music Video),,,3/07/21,Playlist track
Maroon 5 Â· Megan Thee Stallion - Beautiful Mistakes,,,3/07/21,Playlist track
Ed Sheeran Â· Khalid - Beautiful People (feat. Khalid),,,3/07/21,Playlist track
Imagine Dragons - Believer,,,3/07/21,Playlist track
American Authors - Best Day Of My Life,,,3/07/21,Playlist track
Neffex - Best of Me,,,3/07/21,Playlist track
ZAYN - Better,,,3/07/21,Playlist track
OneRepublic - Better Days (Audio),,,3/07/21,Playlist track
Khalid - Better,,,3/07/21,Playlist track
Imagine Dragons - Birds,,,3/07/21,Playlist track
Taylor Swift - Blank Space,,,3/07/21,Playlist track
The Weeknd - Blinding Lights,,,3/07/21,Playlist track
Charli XCX - Boom Clap,,,3/07/21,Playlist track
Green Day - Boulevard of Broken Dreams,,,3/07/21,Playlist track
Roddy Ricch - The Box,,,3/07/21,Playlist track
Alec Benjamin - Boy in the Bubble,,,3/07/21,Playlist track
Lewis Capaldi - Bruises,,,3/07/21,Playlist track
Bella Poarch - Build a Bitch,,,3/07/21,Playlist track
DNCE - Cake By The Ocean,,,3/07/21,Playlist track
Hardwell and Collin McLoughlin - Call Me A Spaceman (Unplugged Version),,,3/07/21,Playlist track
The Weeknd - Can't Feel My Face,,,3/07/21,Playlist track
Macklemore & Ryan Lewis Â· Macklemore Â· Ryan Lewis Â· Ray Dalton - Can't Hold Us (feat. Ray Dalton),,,3/07/21,Playlist track
Kina Â· Adriana Proenza - Can We Kiss Forever?,,,3/07/21,Playlist track
Ed Sheeran - Castle on the Hill,,,3/07/21,Playlist track
Fall Out Boy - Centuries,,,3/07/21,Playlist track
Sia - Chandelier,,,3/07/21,Playlist track
Snow Patrol - Chasing Cars,,,3/07/21,Playlist track
Sia Â· Sean Paul - Cheap Thrills,,,3/07/21,Playlist track
Charlie Puth - Cheating on You,,,3/07/21,Playlist track
blackbear Â· Wiz Khalifa - cheers,,,3/07/21,Playlist track
MKTO - Classic,,,3/07/21,Playlist track
The Chainsmokers Â· Halsey - Closer,,,3/07/21,Playlist track
NF - CLOUDS (Edit),,,3/07/21,Playlist track
"P. Diddy Â· Dirty Money - Coming Home - P. Diddy, Dirty Money",,,3/07/21,Playlist track
Pewdiepie Â· Dylan Locke Â· Boyinaband Â· Roomie - Congratulations (feat. Boyinaband & Roomie) (Remix),,,3/07/21,Playlist track
Jonas Brothers - Cool,,,3/07/21,Playlist track
Echosmith - Cool Kids,,,3/07/21,Playlist track
Billie Eilish - COPYCAT,,,3/07/21,Playlist track
Bruno Mars - Count on Me,,,3/07/21,Playlist track
Counting stars - OneRepublic,,,3/07/21,Playlist track
RichaadEB - Crab Rave,,,3/07/21,Playlist track
Sub Urban - Cradles,,,3/07/21,Playlist track
Dylan Locke - Creeper Aww Man,,,3/07/21,Playlist track
Camila Cabello - Crying in the Club,,,3/07/21,Playlist track
Ashnikko - Daisy,,,3/07/21,Playlist track
El Chombo - Dame Tu Cosita,,,3/07/21,Playlist track
Tones And I - Dance Monkey,,,3/07/21,Playlist track
Robyn - Dancing On My Own,,,3/07/21,Playlist track
Demi Lovato - Dancing With The Devil (Official Video),,,3/07/21,Playlist track
Alan Walker Â· Au/Ra Â· Tomine Harket - Darkside,,,3/07/21,Playlist track
Geek Music Â· Geek Music - Deadpool - X Gon' Give It To Ya - Main Theme,,,3/07/21,Playlist track
Powfu Â· beabadoobee - death bed (coffee for your head),,,3/07/21,Playlist track
Olivia Rodrigo - deja vu (Official Video),,,3/07/21,Playlist track
Imagine Dragons - Demons,,,3/07/21,Playlist track
Luis Fonsi - Despacito ft. Daddy Yankee,,,3/07/21,Playlist track
Luis Fonsi Â· Daddy Yankee Â· Justin Bieber - Despacito (Remix),,,3/07/21,Playlist track
Maroon 5 Â· Kendrick Lamar - Don't Wanna Know,,,3/07/21,Playlist track
Swedish House Mafia Â· John Martin - Don't You Worry Child (Radio Edit),,,3/07/21,Playlist track
NF - DRIFTING,,,3/07/21,Playlist track
Olivia Rodrigo - drivers license (Official Video),,,3/07/21,Playlist track
ZAYN Â· Sia - Dusk Till Dawn,,,3/07/21,Playlist track
Taio Cruz - Dynamite,,,3/07/21,Playlist track
5 Seconds of Summer - Easier,,,3/07/21,Playlist track
benny blanco Â· Halsey Â· Khalid - Eastside,,,3/07/21,Playlist track
Gotye Â· Wouter De Backer - Easy Way Out,,,3/07/21,Playlist track
Alan Walker - Faded,,,3/07/21,Playlist track
Trevor Daniel - Falling,,,3/07/21,Playlist track
Harry Styles - Falling,,,3/07/21,Playlist track
Why Don't We - Fallinâ€™ (Adrenaline),,,3/07/21,Playlist track
Iggy Azalea Â· Charli XCX Â· Wiley - Fancy,,,3/07/21,Playlist track
Portugal. The Man - Feel It Still,,,3/07/21,Playlist track
Nina Simone - Feeling Good,,,3/07/21,Playlist track
Dua Lipa Â· AngÃ¨le - Fever,,,3/07/21,Playlist track
Katy Perry - Firework,,,3/07/21,Playlist track
Imagine Dragons - Follow You (Official Music Video),,,3/07/21,Playlist track
Riton Â· Nightcrawlers Â· Mufasa & Hypeman - Friday (Dopamine Re-Edit),,,3/07/21,Playlist track
Marshmello Â· Anne-Marie - FRIENDS,,,3/07/21,Playlist track
Ed Sheeran - Galway Girl,,,3/07/21,Playlist track
Halsey - Gasoline,,,3/07/21,Playlist track
Calvin Harris Â· Rag'n'Bone Man - Giant,,,3/07/21,Playlist track
Drake - God's Plan,,,3/07/21,Playlist track
Eminem Â· Juice WRLD - Godzilla,,,3/07/21,Playlist track
Olivia Rodrigo - good 4 u,,,3/07/21,Playlist track
SZA - Good Days (Official Video),,,3/07/21,Playlist track
Travis Scott Â· HVME - Goosebumps (Remix),,,3/07/21,Playlist track
Halsey - Graveyard,,,3/07/21,Playlist track
Sia - The Greatest,,,3/07/21,Playlist track
The Script Â· will.i.am - Hall of Fame,,,3/07/21,Playlist track
Ed Sheeran - Happier,,,3/07/21,Playlist track
Marshmello Â· Bastille - Happier,,,3/07/21,Playlist track
Camila Cabello Â· Young Thug - Havana,,,3/07/21,Playlist track
Maestro Ziikos - Havana - Trump,,,3/07/21,Playlist track
Glass Animals - Heat Waves (Official Video),,,3/07/21,Playlist track
twenty one pilots - Heathens,,,3/07/21,Playlist track
Marshmello Â· CHVRCHES - Here With Me,,,3/07/21,Playlist track
Panic! At The Disco - High Hopes,,,3/07/21,Playlist track
2WEI Â· Jon Â· Bri Bryant - Hit The Road Jack,,,3/07/21,Playlist track
Lil Nas X - HOLIDAY,,,3/07/21,Playlist track
Justin Bieber Â· Chance The Rapper - Holy,,,3/07/21,Playlist track
blackbear - hot girl bummer,,,3/07/21,Playlist track
Almaz Pump - Hotline Bling,,,3/07/21,Playlist track
Charlie Puth - How Long (EDX's Dubai Skyline Extended Mix),,,3/07/21,Playlist track
Coldplay - Hymn for the Weekend,,,3/07/21,Playlist track
Ed Sheeran Â· Justin Bieber - I Don't Care,,,3/07/21,Playlist track
The Weeknd Â· Daft Punk - I Feel It Coming,,,3/07/21,Playlist track
Gabby Barrett Â· Charlie Puth - I Hope (feat. Charlie Puth),,,3/07/21,Playlist track
Katy Perry - I Kissed A Girl,,,3/07/21,Playlist track
Lauv - I Like Me Better,,,3/07/21,Playlist track
Icona Pop Â· Charli XCX - I Love It (feat. Charli XCX),,,3/07/21,Playlist track
Bebe Rexha - I'm a Mess,,,3/07/21,Playlist track
Rucka Rucka Ali - I'm Osama,,,3/07/21,Playlist track
Lauv Â· Troye Sivan - i'm so tired...,,,3/07/21,Playlist track
Shawn Mendes - If I Can't Have You,,,3/07/21,Playlist track
JP Saxe Â· Julia Michaels - If the World Was Ending,,,3/07/21,Playlist track
Forest Blakk - If You Love Her,,,3/07/21,Playlist track
Fall Out Boy - Immortals,,,3/07/21,Playlist track
John Williams Â· Charles Gerhardt Â· National Philharmonic Orchestra - The Imperial March,,,3/07/21,Playlist track
Shawn Mendes - In My Blood,,,3/07/21,Playlist track
Drake - In My Feelings,,,3/07/21,Playlist track
Martin Garrix & Bebe Rexha - In The Name Of Love (Official Video),,,3/07/21,Playlist track
Justin Bieber Â· Quavo - Intentions,,,3/07/21,Playlist track
Julia Michaels - Issues,,,3/07/21,Playlist track
Dr. Alban - It's My Life (Radio Edit),,,3/07/21,Playlist track
XXXTENTACION - Jocelyn Flores,,,3/07/21,Playlist track
Stealth - Judgement Day,,,3/07/21,Playlist track
Ava Max - Kings & Queens Pt. 2 (feat. Lauv & Saweetie) [Official Visualizer],,,3/07/21,Playlist track
"Bruno Mars, Anderson .Paak, Silk Sonic - Leave the Door Open [Official Video]",,,3/07/21,Playlist track
#1 Pop Hits! - Legends Never Die,,,3/07/21,Playlist track
League of Legends Â· Against The Current - Legends Never Die,,,3/07/21,Playlist track
Internet Money Â· Gunna Â· Don Toliver Â· NAV - Lemonade,,,3/07/21,Playlist track
Alec Benjamin - Let Me Down Slowly,,,3/07/21,Playlist track
NF - Let You Down,,,3/07/21,Playlist track
Dua Lipa - Levitating,,,3/07/21,Playlist track
Camila Cabello - Liar,,,3/07/21,Playlist track
Jason Derulo Â· Adam Levine - Lifestyle (feat. Adam Levine),,,3/07/21,Playlist track
Robin Hustin Â· Tobimorrow Â· Jex - Light It Up,,,3/07/21,Playlist track
Alan Walker Â· K-391 Â· Emelie Hollow - Lily,,,3/07/21,Playlist track
Alex & Sierra - Little Do You Know,,,3/07/21,Playlist track
Alan Walker Â· A$AP Rocky Â· Kameron - Live Fast (PUBGM),,,3/07/21,Playlist track
Justin Bieber Â· benny blanco - Lonely,,,3/07/21,Playlist track
Taylor Swift - Look What You Made Me Do,,,3/07/21,Playlist track
"Kygo, OneRepublic - Lose Somebody",,,3/07/21,Playlist track
Selena Gomez - Lose You To Love Me,,,3/07/21,Playlist track
"Eminem - Lose Yourself (From ""8 Mile"" Soundtrack)",,,3/07/21,Playlist track
Adam Levine - Lost Stars,,,3/07/21,Playlist track
Shawn Mendes - Lost In Japan,,,3/07/21,Playlist track
John Newman - Love Me Again,,,3/07/21,Playlist track
"Ellie Goulding - Love Me Like You Do (From ""Fifty Shades Of Grey"")",,,3/07/21,Playlist track
Lauv - Love Somebody [Official Video],,,3/07/21,Playlist track
Eminem Â· Rihanna - Love The Way You Lie,,,3/07/21,Playlist track
Justin Bieber - Love Yourself,,,3/07/21,Playlist track
Billie Eilish Â· Khalid - lovely,,,3/07/21,Playlist track
Flo Rida Â· T-Pain - Low (feat. T-Pain),,,3/07/21,Playlist track
Zara Larsson - Lush Life,,,3/07/21,Playlist track
salem ilese â€“ mad at disney (official music video),,,3/07/21,Playlist track
DJ Snake - Magenta Riddim,,,3/07/21,Playlist track
Magic System Â· Ahmed Chawki - Magic in the Air (feat. Ahmed Chawki),,,3/07/21,Playlist track
PUBLIC Â· MisterWives - Make You Mine,,,3/07/21,Playlist track
Jonas Blue Â· William Singe - Mama,,,3/07/21,Playlist track
Conan Gray - Maniac,,,3/07/21,Playlist track
Maroon 5 - Maps,,,3/07/21,Playlist track
Rixton - Me And My Broken Heart,,,3/07/21,Playlist track
"G-Eazy Â· Bebe Rexha - Me, Myself & I",,,3/07/21,Playlist track
J. Balvin Â· Willy William Â· BeyoncÃ© - Mi Gente,,,3/07/21,Playlist track
Zedd Â· Maren Morris Â· Grey - The Middle,,,3/07/21,Playlist track
Miley Cyrus - Midnight Sky (Official Video),,,3/07/21,Playlist track
Bazzi - Mine,,,3/07/21,Playlist track
Shawn Mendes Â· Justin Bieber - Monster,,,3/07/21,Playlist track
Eminem Â· Rihanna - The Monster,,,3/07/21,Playlist track
All Time Low Â· Demi Lovato Â· blackbear - Monsters (feat. Demi Lovato and blackbear),,,3/07/21,Playlist track
Lil Nas X - MONTERO (Call Me By Your Name),,,3/07/21,Playlist track
24kGoldn Â· iann dior - Mood,,,3/07/21,Playlist track
"Maroon 5 Â· Christina Aguilera - Moves Like Jagger (Studio Recording From ""The Voice"" Performance)",,,3/07/21,Playlist track
Maroon 5 - Memories,,,3/07/21,Playlist track
Alexandra Stan - Mr. Saxobeat (Maan Extended Version),,,3/07/21,Playlist track
Camila Cabello Â· DaBaby - My Oh My,,,3/07/21,Playlist track
Billie Eilish - my strange addiction,,,3/07/21,Playlist track
Imagine Dragons - Natural,,,3/07/21,Playlist track
Rucka Rucka Ali - Netherlands Gay,,,3/07/21,Playlist track
Rick Astley - Never Gonna Give You Up,,,3/07/21,Playlist track
Dua Lipa - New Rules,,,3/07/21,Playlist track
Dr. Dre Â· Snoop Dogg - The Next Episode,,,3/07/21,Playlist track
One Direction - Night Changes,,,3/07/21,Playlist track
Avicii - The Nights,,,3/07/21,Playlist track
Eminem - Not Afraid,,,3/07/21,Playlist track
Marshmello & Demi Lovato - OK Not To Be OK (Official Music Video),,,3/07/21,Playlist track
Lil Nas X - Old Town Road,,,3/07/21,Playlist track
Lil Nas X Â· RM - Old Town Road (feat. RM of BTS) (Seoul Town Road Remix),,,3/07/21,Playlist track
Cartoon Â· Daniel Levi - On & On,,,3/07/21,Playlist track
Jonas Brothers - Only Human,,,3/07/21,Playlist track
Anne-Marie Â· Niall Horan - Our Song,,,3/07/21,Playlist track
Maroon 5 Â· Wiz Khalifa - Payphone,,,3/07/21,Playlist track
Justin Bieber Â· Daniel Caesar Â· Giveon - Peaches,,,3/07/21,Playlist track
Melanie Martinez - Play Date,,,3/07/21,Playlist track
Ariana Grande - positions,,,3/07/21,Playlist track
The Weeknd Â· Kendrick Lamar - Pray For Me,,,3/07/21,Playlist track
Iggy Azalea - Personal Problem (Audio),,,3/07/21,Playlist track
Imagine Dragons Â· Kendrick Lamar - Radioactive,,,3/07/21,Playlist track
Eminem - Rap God,,,3/07/21,Playlist track
Ed Sheeran Â· Eminem Â· 50 Cent - Remember The Name (feat. Eminem & 50 Cent),,,3/07/21,Playlist track
Fort Minor Â· Styles Of Beyond - Remember the Name (feat. Styles of Beyond),,,3/07/21,Playlist track
Sara Kays - Remember That Night? [Official Music Video],,,3/07/21,Playlist track
Chamillionaire Â· Krayzie Bone - Ridin',,,3/07/21,Playlist track
Eminem Â· Ed Sheeran - River,,,3/07/21,Playlist track
Dream Â· PmBata - Roadtrip,,,3/07/21,Playlist track
Clean Bandit Â· Sean Paul Â· Anne-Marie - Rockabye (feat. Sean Paul & Anne-Marie),,,3/07/21,Playlist track
Ayo & Teo - Rolex,,,3/07/21,Playlist track
Jonas Brothers - Rollercoaster,,,3/07/21,Playlist track
Adele - Rolling in the Deep,,,3/07/21,Playlist track
SAINt JHN Â· Imanbek - Roses (Imanbek Remix),,,3/07/21,Playlist track
Arizona Zervas - ROXANNE,,,3/07/21,Playlist track
Lorde - Royals,,,3/07/21,Playlist track
MAGIC! - Rude,,,3/07/21,Playlist track
XXXTENTACION - SAD!,,,3/07/21,Playlist track
Jawsh 685 Â· Jason Derulo - Savage Love (Laxed - Siren Beat),,,3/07/21,Playlist track
Swedish House Mafia - Save The World (Extended Mix),,,3/07/21,Playlist track
The Weeknd - Save Your Tears (Official Music Video),,,3/07/21,Playlist track
Alessia Cara - Scars To Your Beautiful,,,3/07/21,Playlist track
Shawn Mendes Â· Camila Cabello - SeÃ±orita,,,3/07/21,Playlist track
The White Stripes - Seven Nation Army,,,3/07/21,Playlist track
Camila Cabello - Shameless,,,3/07/21,Playlist track
Ed Sheeran - Shape of You,,,3/07/21,Playlist track
Ellie Goulding - Sixteen,,,3/07/21,Playlist track
Sabrina Carpenter - Skin,,,3/07/21,Playlist track
Sergius - Sky High (Original Mix),,,3/07/21,Playlist track
Calvin Harris Â· Frank Ocean Â· Migos - Slide,,,3/07/21,Playlist track
Joji - SLOW DANCING IN THE DARK,,,3/07/21,Playlist track
"Ellie Goulding - Slow Grenade (Live On ""Good Morning America"", New York / 2020)",,,3/07/21,Playlist track
Juice WRLD Â· The Weeknd - Smile,,,3/07/21,Playlist track
Martin Garrix Â· David Guetta Â· Jamie Scott Â· Romy Dya - So Far Away,,,3/07/21,Playlist track
Clean Bandit Â· Demi Lovato - Solo (feat. Demi Lovato),,,3/07/21,Playlist track
Gotye Â· Kimbra Â· Wouter De Backer - Somebody That I Used to Know,,,3/07/21,Playlist track
OneRepublic - Somebody To Love,,,3/07/21,Playlist track
Adele - Someone Like You,,,3/07/21,Playlist track
Lewis Capaldi - Someone You Loved,,,3/07/21,Playlist track
The Chainsmokers Â· Coldplay - Something Just Like This,,,3/07/21,Playlist track
Alan Walker Â· ISÃK - Sorry,,,3/07/21,Playlist track
Demi Lovato - Sorry Not Sorry,,,3/07/21,Playlist track
Ed Sheeran Â· Camila Cabello Â· Cardi B - South of the Border (feat. Camila Cabello & Cardi B) (Andy Jarvis Remix),,,3/07/21,Playlist track
Alan Walker - The Spectre,,,3/07/21,Playlist track
Alan Walker - The Spectre,,,3/07/21,Playlist track
The Weeknd Â· Daft Punk - Starboy,,,3/07/21,Playlist track
OneRepublic Â· Logic - Start Again,,,3/07/21,Playlist track
Drake - Started From the Bottom (Explicit),,,3/07/21,Playlist track
Shawn Mendes - Stitches,,,3/07/21,Playlist track
One Direction - Story of My Life,,,3/07/21,Playlist track
twenty one pilots - Stressed Out,,,3/07/21,Playlist track
Liam Payne Â· Quavo - Strip That Down,,,3/07/21,Playlist track
Kanye West - Stronger,,,3/07/21,Playlist track
Ariana Grande Â· Justin Bieber - Stuck with U,,,3/07/21,Playlist track
Jonas Brothers - Sucker,,,3/07/21,Playlist track
Sucker For Pain Ft. Wolverine (Logan) /NP-WORLD CREATION,,,3/07/21,Playlist track
Maroon 5 - Sugar,,,3/07/21,Playlist track
Maroon 5 - Sugar,,,3/07/21,Playlist track
ElyOtto - SugarCrash!,,,3/07/21,Playlist track
Post Malone Â· Swae Lee - Sunflower (Spider-Man: Into the Spider-Verse),,,3/07/21,Playlist track
"Harry Styles - Sunflower, Vol. 6",,,3/07/21,Playlist track
Jason Derulo Â· Nicki Minaj Â· Ty Dolla $ign - Swalla (feat. Nicki Minaj & Ty Dolla $ign),,,3/07/21,Playlist track
Ava Max - Sweet but Psycho,,,3/07/21,Playlist track
Katy Perry Â· Nicki Minaj - Swish Swish,,,3/07/21,Playlist track
Jason Derulo - Take You Dancing [Official Music Video],,,3/07/21,Playlist track
The Chainsmokers Â· Illenium Â· Lennon Stella - Takeaway,,,3/07/21,Playlist track
DJ Snake Â· Selena Gomez Â· Ozuna Â· Cardi B - Taki Taki,,,3/07/21,Playlist track
Khalid Â· Disclosure - Talk,,,3/07/21,Playlist track
Jason Derulo Â· 2 Chainz - Talk Dirty (feat. 2 Chainz),,,3/07/21,Playlist track
"Ariana Grande - thank u, next",,,3/07/21,Playlist track
NF - THAT'S A JOKE (Audio),,,3/07/21,Playlist track
Bruno Mars - That's What I Like,,,3/07/21,Playlist track
Martin Garrix Â· Troye Sivan - There for You,,,3/07/21,Playlist track
Billie Eilish - Therefore I Am (Official Music Video),,,3/07/21,Playlist track
Calvin Harris Â· Rihanna - This Is What You Came For,,,3/07/21,Playlist track
The Lonely Island - Threw It On The Ground,,,3/07/21,Playlist track
Clean Bandit and Mabel - Tick Tock (feat. 24kGoldn) [Official Video],,,3/07/21,Playlist track
ZAYN - Tightrope,,,3/07/21,Playlist track
Eminem Â· Nate Dogg - Till I Collapse,,,3/07/21,Playlist track
Austin Mahone - Till I Find You,,,3/07/21,Playlist track
Pitbull Â· Ke$ha - Timber,,,3/07/21,Playlist track
David Guetta Â· Sia - Titanium (feat. Sia),,,3/07/21,Playlist track
Anne-Marie - To Be Young (feat. Doja Cat) [Official Video],,,3/07/21,Playlist track
Britney Spears - Toxic,,,3/07/21,Playlist track
SHAED - Trampoline,,,3/07/21,Playlist track
Shawn Mendes - Treat You Better,,,3/07/21,Playlist track
Denzel Curry - Ultimate,,,3/07/21,Playlist track
The Score - Unstoppable,,,3/07/21,Playlist track
Mark Ronson Â· Bruno Mars - Uptown Funk,,,3/07/21,Playlist track
ZAYN - Vibez,,,3/07/21,Playlist track
Panic! At The Disco - Victorious,,,3/07/21,Playlist track
Avicii - Wake Me Up,,,3/07/21,Playlist track
OneRepublic - Wanted,,,3/07/21,Playlist track
Cardi B Â· Megan Thee Stallion - WAP (feat. Megan Thee Stallion),,,3/07/21,Playlist track
SilentÃ³ - Watch Me (Whip/Nae Nae) (Official),,,3/07/21,Playlist track
Harry Styles - Watermelon Sugar,,,3/07/21,Playlist track
Dean Lewis - Waves,,,3/07/21,Playlist track
Queen - We Are The Champions (Remastered 2011),,,3/07/21,Playlist track
Fun. Â· Janelle MonÃ¡e - We Are Young (feat. Janelle MonÃ¡e),,,3/07/21,Playlist track
Rihanna Â· Calvin Harris - We Found Love,,,3/07/21,Playlist track
Dua Lipa - We're Good (Official Music Video),,,3/07/21,Playlist track
Queen - We Will Rock You (Remastered 2011),,,3/07/21,Playlist track
Jonas Brothers - What A Man Gotta Do,,,3/07/21,Playlist track
"Sam Fischer, Demi Lovato - What Other People Say (Official Video)",,,3/07/21,Playlist track
Imagine Dragons - Whatever It Takes,,,3/07/21,Playlist track
The Black Eyed Peas - Where Is The Love?,,,3/07/21,Playlist track
OneRepublic - Wherever I Go,,,3/07/21,Playlist track
Baha Men - Who Let The Dogs Out,,,3/07/21,Playlist track
Unknown Brain Â· Bri Tolani - Why Do I?,,,3/07/21,Playlist track
Taylor Swift - willow,,,3/07/21,Playlist track
Macklemore & Ryan Lewis Â· Macklemore Â· Ryan Lewis - Wing$,,,3/07/21,Playlist track
Halsey - Without Me,,,3/07/21,Playlist track
The Kid LAROI - WITHOUT YOU (Official Video),,,3/07/21,Playlist track
Shawn Mendes - Wonder,,,3/07/21,Playlist track
Fifth Harmony Â· Kid Ink - Worth It,,,3/07/21,Playlist track
Zara Larsson - WOW,,,3/07/21,Playlist track
DMX - X Gon' Give It To Ya,,,3/07/21,Playlist track
DMX - X Gon' Give It to Ya (Re-Recorded),,,3/07/21,Playlist track
Tate McRae - you broke me first (Official Video),,,3/07/21,Playlist track
The Strokes - You Only Live Once,,,3/07/21,Playlist track
Wilbur Soot - Your New Boyfriend,,,3/07/21,Playlist track
Troye Sivan - YOUTH,,,3/07/21,Playlist track
Justin Bieber - Yummy,,,3/07/21,Playlist track
Halsey - Hurricane,,,3/07/21,Playlist track
Zedd Â· Liam Payne - Get Low,,,3/07/21,Playlist track
Sasha Alex Sloan - Hypochondriac,,,3/07/21,Playlist track
Harry Styles - Adore You,,,3/07/21,Playlist track
Lauv Â· Conan Gray - Fake,,,3/07/21,Playlist track
ILLENIUM Â· Jon Bellion - Good Things Fall Apart,,,3/07/21,Playlist track
Pitbull Â· Christina Aguilera - Feel This Moment,,,3/07/21,Playlist track
Charlie Puth - My Gospel,,,3/07/21,Playlist track
Alec Benjamin - Jesus in LA,,,3/07/21,Playlist track
Alec Benjamin - If We Have Each Other,,,3/07/21,Playlist track
Lord Huron - The Night We Met,,,3/07/21,Playlist track
DJ Snake Â· Lil Jon - Turn Down for What,,,3/07/21,Playlist track
James Arthur - Say You Won't Let Go,,,3/07/21,Playlist track
Zedd Â· Alessia Cara - Stay,,,3/07/21,Playlist track
Post Malone Â· 21 Savage - rockstar,,,3/07/21,Playlist track
Ed Sheeran - Perfect Duet (with BeyoncÃ©) [Official Audio],,,3/07/21,Playlist track
"gnash Â· Olivia O'brien - i hate u, i love u (feat. olivia o'brien)",,,3/07/21,Playlist track
Billie Eilish - Ocean Eyes,,,3/07/21,Playlist track
Enrique Iglesias Â· Sean Paul Â· Descemer Bueno Â· Gente De Zona - Bailando (English Version),,,3/07/21,Playlist track
Y2K Â· bbno$ - Lalala,,,3/07/21,Playlist track
Passenger - Let Her Go,,,3/07/21,Playlist track
Ed Sheeran - Photograph,,,3/07/21,Playlist track
Hailee Steinfeld Â· Grey Â· Zedd - Starving,,,3/07/21,Playlist track
Flo Rida Â· Sage The Gemini Â· LooKas - GDFR (feat. Sage the Gemini & Lookas),,,3/07/21,Playlist track
"Radical Face - Welcome Home, Son (Remastered)",,,3/07/21,Playlist track
Iggy Azalea Â· Rita Ora - Black Widow,,,3/07/21,Playlist track
Cash Cash Â· Bebe Rexha - Take Me Home (feat. Bebe Rexha),,,3/07/21,Playlist track
Ali Gatie - It's You,,,3/07/21,Playlist track
Sub Urban Â· Bella Poarch - INFERNO,,,3/07/21,Playlist track
Bryce Fox Â· Ben Camp Â· David Pramik Â· Ethan Mentzer Â· Lucas Marx Â· Mike Aljadeff Â· Bryce Fox - Horns,,,3/07/21,Playlist track
Eminem - Venom (Music From The Motion Picture),,,3/07/21,Playlist track
Panic! At The Disco - Emperor's New Clothes,,,3/07/21,Playlist track
ZAYN Â· Taylor Swift - I Donâ€™t Wanna Live Forever (Fifty Shades Darker),,,3/07/21,Playlist track
Blanks - What You Do To Me,,,3/07/21,Playlist track
Tsuko G. - Deja Vu (Initial D),,,3/07/21,Playlist track
LeanAddxct - Stay,,,3/07/21,Playlist track
Charlie Puth Â· Kehlani - Done for Me (feat. Kehlani),,,3/07/21,Playlist track
Future - Mask Off (Marshmello Remix),,,3/07/21,Playlist track
Trevor Daniel - Past Life (Lyrics),,,3/07/21,Playlist track
Kygo Â· Selena Gomez - It Ain't Me,,,3/07/21,Playlist track
DJ Snake Â· Selena Gomez - Selfish Love,,,3/07/21,Playlist track
Charlie Puth Â· Selena Gomez - We Don't Talk Anymore (feat. Selena Gomez) (Attom Remix),,,3/07/21,Playlist track
Eminem Â· Nate Dogg - Shake That,,,3/07/21,Playlist track
Eminem - Without Me,,,3/07/21,Playlist track
Pink Sweat$ - At My Worst (Official Video),,,3/07/21,Playlist track
Billie Eilish - Lost Cause,,,3/07/21,Playlist track
Justin Timberlake Â· Anna Kendrick Â· Gwen Stefani Â· James Corden Â· Zooey Deschanel Â· Ron Funches Â· Caroline Hjelt Â· Aino Jawo Â· Christopher Mintz-Plasse Â· Kunal Nayyar - CAN'T STOP THE FEELING! (Film Version),,,3/07/21,Playlist track
Macklemore Â· Kesha - Good Old Days (feat. Kesha),,,3/07/21,Playlist track
ZAYN - LIKE I WOULD,,,3/07/21,Playlist track
One Direction - What Makes You Beautiful,,,3/07/21,Playlist track
Harry Styles - Golden,,,3/07/21,Playlist track
The Kid LAROI - WITHOUT YOU,,,3/07/21,Playlist track
A Great Big World - Say Something,,,3/07/21,Playlist track
Justin Timberlake Â· Chris Stapleton - Say Something,,,3/07/21,Playlist track
Harry Styles - Sign of the Times,,,3/07/21,Playlist track
Imagine Dragons - Follow You (Summer â€™21 Version),,,3/07/21,Playlist track
Charlie Puth - The Way I Am (Acoustic),,,3/07/21,Playlist track
Charlie Puth - Left Right Left,,,3/07/21,Playlist track
Charlie Puth - Somebody Told Me [Official Audio],,,3/07/21,Playlist track
Andy Grammer - Donâ€™t Give Up On Me,,,3/07/21,Playlist track
Charlie Puth - I Warned Myself,,,3/07/21,Playlist track
DJ Snake Â· Bipolar Sunshine - Middle,,,3/07/21,Playlist track
Eminem Â· Jack Harlow Â· Cordae - Killer (Remix),,,3/07/21,Playlist track
Childish Gambino - This Is America,,,3/07/21,Playlist track
Charlie Puth Â· Selena Gomez - We Don't Talk Anymore (feat. Selena Gomez),,,3/07/21,Playlist track
Charlie Puth - One Call Away,,,3/07/21,Playlist track
Charlie Puth - Girlfriend,,,3/07/21,Playlist track
Gabby Barrett Â· Charlie Puth - I Hope (feat. Charlie Puth),,,3/07/21,Playlist track
Charlie Puth - Dangerously,,,3/07/21,Playlist track
Charlie Puth - I Warned Myself,,,3/07/21,Playlist track
Charlie Puth Â· Meghan Trainor - Marvin Gaye (feat. Meghan Trainor),,,3/07/21,Playlist track
Molotov Cocktail Piano - Empty Cups (Instrumental),,,3/07/21,Playlist track
JVKE - Upside Down,,,3/07/21,Playlist track
Shai' Buttuh - Just Me,,,3/07/21,Playlist track
Charlie Puth - Mother,,,3/07/21,Playlist track
5 Seconds of Summer - Easier (Seeb Remix),,,3/07/21,Playlist track
Wiz Khalifa Â· Charlie Puth - See You Again (feat. Charlie Puth),,,3/07/21,Playlist track
Lennon Stella Â· Charlie Puth - Summer Feelings (feat. Charlie Puth),,,3/07/21,Playlist track
Charlie Puth - Suffer,,,3/07/21,Playlist track
Charlie Zarall - Boy,,,3/07/21,Playlist track
Ka5sh Â· Swsh - LA Girls (feat. Swsh),,,3/07/21,Playlist track
Charlie Puth - Does It Feel,,,3/07/21,Playlist track
Charlie Puth - River,,,3/07/21,Playlist track
Charlie Puth - Left Right Left,,,3/07/21,Playlist track
G-Eazy Â· Charlie Puth - Sober,,,3/07/21,Playlist track
Lil Wayne Â· Charlie Puth - Nothing but Trouble (Instagram Models) (From 808: The Music),,,3/07/21,Playlist track
Charlie Puth Â· Boyz II Men - If You Leave Me Now (feat. Boyz II Men),,,3/07/21,Playlist track
"Charlie Puth - Free (From Disney's ""The One And Only Ivan"")",,,3/07/21,Playlist track
Ed Sheeran - Shivers,,,3/07/21,Playlist track
Charlie Puth - Nothing But Trouble (Instagram Models) (Dance Remix),,,3/07/21,Playlist track
ItsAMoney - Slow It Down,,,3/07/21,Playlist track
Charlie Puth - One Call Away (Acoustic),,,3/07/21,Playlist track
Charlie Peacock Â· Ventur BRV$$ - Change,,,3/07/21,Playlist track
Charlie Puth Â· Shy Carter - As You Are (feat. Shy Carter),,,3/07/21,Playlist track
Lennon Stella Â· Charlie Puth - Summer Feelings (feat. Charlie Puth) (Jengi Remix),,,3/07/21,Playlist track
DNCE Â· Charlie Puth Â· Hailee Steinfeld Â· Daya Â· Fifth Harmony Â· Rita Ora Â· Tinashe Â· Sabrina Carpenter Â· Jake Miller - Santa Claus Is Coming To Town,,,3/07/21,Playlist track
Charlie Puth - Attention,,,3/07/21,Playlist track
Charlie Puth - Suffer (Vince Staples & AndreaLo Remix),,,3/07/21,Playlist track
G-Eazy Â· Charlie Puth - Sober (Mokita x GOLDHOUSE Remix),,,3/07/21,Playlist track
Charlie Puth - One Call Away (Piana-pella),,,3/07/21,Playlist track
Charlie Puth Â· blackbear - Hard On Yourself,,,3/07/21,Playlist track
Logic Â· Eminem - Homicide,,,3/07/21,Playlist track
One Direction - Best Song Ever,,,3/07/21,Playlist track
Ariana Grande - One Last Time,,,3/07/21,Playlist track
Calvin Harris Â· Dua Lipa - One Kiss,,,3/07/21,Playlist track
Barns Courtney - Fire,,,3/07/21,Playlist track
The Wanted - Glad You Came,,,3/07/21,Playlist track
Calvin Harris - Summer,,,3/07/21,Playlist track
Post Malone Â· Ty Dolla $ign - Psycho,,,3/07/21,Playlist track
Post Malone - Circles,,,3/07/21,Playlist track
James Arthur - Train Wreck,,,3/07/21,Playlist track
Gym Class Heroes Â· Adam Levine - Stereo Hearts (feat. Adam Levine),,,3/07/21,Playlist track
BÃ˜RNS - Electric Love,,,3/07/21,Playlist track
Gym Class Heroes Â· Adam Levine - Stereo Hearts (feat. Adam Levine),,,3/07/21,Playlist track
5 Seconds of Summer - Teeth,,,3/07/21,Playlist track
Halsey - Without Me,,,3/07/21,Playlist track
Imagine Dragons - Bad Liar,,,3/07/21,Playlist track
One Direction - Drag Me Down,,,3/07/21,Playlist track
Demi Lovato - Heart Attack,,,3/07/21,Playlist track
Marshmello Â· Khalid - Silence,,,3/07/21,Playlist track
Cadmium Â· Rosendale - No Friends,,,3/07/21,Playlist track
Imagine Dragons - Thunder,,,3/07/21,Playlist track
Selena Gomez Â· Marshmello - Wolves,,,3/07/21,Playlist track
Anne-Marie - 2002,,,3/07/21,Playlist track
Clean Bandit Â· Zara Larsson - Symphony (feat. Zara Larsson),,,3/07/21,Playlist track
One Direction - Drag Me Down,,,3/07/21,Playlist track
5 Seconds of Summer - Youngblood (Live),,,3/07/21,Playlist track
Shawn Mendes - There's Nothing Holdin' Me Back,,,3/07/21,Playlist track
Queen - Bohemian Rhapsody,,,3/07/21,Playlist track
Ed Sheeran - Make It Rain,,,3/07/21,Playlist track
SHRK Â· Shiloh Dynasty - One Dance,,,3/07/21,Playlist track
Ed Sheeran - Tides,,,3/07/21,Playlist track
Ed Sheeran - 2step,,,3/07/21,Playlist track
The Wanted - Glad You Came,,,3/07/21,Playlist track
"Pitbull - Give Me Everything ft. Ne-Yo, Afrojack, Nayer",,,3/07/21,Playlist track
Alina Baraz - Floating feat. Khalid (filous Remix) [Official Audio],,,3/07/21,Playlist track
Billie Eilish - No Time To Die,,,3/07/21,Playlist track
Lil Nas X Â· Jack Harlow - INDUSTRY BABY,,,3/07/21,Playlist track
Lil Nas X - THATS WHAT I WANT,,,3/07/21,Playlist track
Ed Sheeran - Baby One More Time (Lyrics),,,3/07/21,Playlist track
Khalid - Young Dumb & Broke,,,3/07/21,Playlist track
Harry Styles - Juice (Lizzo cover) in the Live Lounge,,,3/07/21,Playlist track
Dua Lipa - Physical,,,3/07/21,Playlist track
Charlie Puth - Suffer (Vince Staples & AndreaLo Remix),,,3/07/21,Playlist track
Ariana Grande Â· Nicki Minaj - Side To Side,,,3/07/21,Playlist track
"Jessie J, Ariana Grande, Nicki Minaj - Bang Bang (Official Video)",,,3/07/21,Playlist track
"Fall Out Boy - Sugar, We're Goin Down",,,3/07/21,Playlist track
Rihanna Â· JAY-Z - Umbrella,,,3/07/21,Playlist track
The Killers - Mr. Brightside (Official Music Video),,,3/07/21,Playlist track
Lena Raine - Pigstep (Stereo Mix),,,3/07/21,Playlist track
XXXTENTACION - Jocelyn Flores (Audio),,,3/07/21,Playlist track
Billie Eilish - Ocean Eyes (Blackbear Remix),,,3/07/21,Playlist track
Billie Eilish - Bored,,,3/07/21,Playlist track
Billie Eilish - when the party's over,,,3/07/21,Playlist track
Bruno Mars - Grenade,,,3/07/21,Playlist track
ZAYN Â· Levi Lennox - PILLOWTALK,,,3/07/21,Playlist track
Hozier - Take Me To Church,,,3/07/21,Playlist track
Jason Derulo - Whatcha Say,,,3/07/21,Playlist track
Katy Perry - Last Friday Night (T.G.I.F.),,,3/07/21,Playlist track
Mike Posner - Cooler Than Me (Single Mix),,,3/07/21,Playlist track
Rag'n'Bone Man - Human,,,3/07/21,Playlist track
Avicii - Hey Brother,,,3/07/21,Playlist track
Dua Lipa - Break My Heart,,,3/07/21,Playlist track
Camila Cabello - Don't Go Yet (Official Video),,,3/07/21,Playlist track
ZAYN - Let Me,,,3/07/21,Playlist track
Dominic Fike - 3 Nights,,,3/07/21,Playlist track
Charlie Puth - Bon AppÃ©tit (Katy Perry Cover) in the Live Lounge,,,3/07/21,Playlist track
FINNEAS - Let's Fall in Love for the Night (Official Video),,,3/07/21,Playlist track
Olivia Rodrigo - favorite crime (Lyric Video),,,3/07/21,Playlist track
Billie Eilish - Happier Than Ever,,,3/07/21,Playlist track
Ariana Grande - 34+35,,,3/07/21,Playlist track
"Taylor Swift - End Game ft. Ed Sheeran, Future",,,3/07/21,Playlist track
Ariana Grande - positions,,,3/07/21,Playlist track
The Kid Laroi - Stay (Jimmy Kimmel  Live) (432hz),,,3/07/21,Playlist track
GAYLE - abcdefu (Official Music Video),,,3/07/21,Playlist track
Duncan Laurence - Arcade,,,3/07/21,Playlist track
Khalid Â· Swae Lee - The Ways,,,3/07/21,Playlist track
Kiana LedÃ© Â· Prince Charlez - Big Spender,,,3/07/21,Playlist track
Drake Â· WizKid Â· Kyla - One Dance,,,3/07/21,Playlist track
Fifth Harmony - Work from Home (Official Video) ft. Ty Dolla $ign,,,3/07/21,Playlist track
Iyaz - Replay,,,3/07/21,Playlist track
OneRepublic - Run,,,3/07/21,Playlist track
DJ Snake ft. Justin Bieber - Let Me Love You [Lyric Video],,,3/07/21,Playlist track
Lose yourself (Eminem) Spongebob remix,,,3/07/21,Playlist track
Olivia Rodrigo - traitor,,,3/07/21,Playlist track
Olivia Rodrigo - happier,,,3/07/21,Playlist track
Olivia Rodrigo - brutal,,,3/07/21,Playlist track
Conan Gray - Heather,,,3/07/21,Playlist track
"Khalid, Kane Brown - Saturday Nights REMIX (Official Video)",,,3/07/21,Playlist track
Nick Jonas - Chains,,,3/07/21,Playlist track
Black Gryph0n Â· Baasik - What You Need,,,3/07/21,Playlist track
Sasha Alex Sloan Â· Charlie Puth - Is It Just Me? (feat. Charlie Puth),,,3/07/21,Playlist track
Lauv - Love Like That,,,3/07/21,Playlist track
5 Seconds of Summer - She Looks So Perfect,,,3/07/21,Playlist track
"Kendrick Lamar, SZA - All The Stars",,,3/07/21,Playlist track
Sia - Snowman [Official Video],,,3/07/21,Playlist track
The Neighbourhood - Sweater Weather (Official Video),,,3/07/21,Playlist track
Tom Rosenthal (Edith Whiskers) - Home (Lyrics),,,3/07/21,Playlist track
Arctic Monkeys - Do I Wanna Know?,,,3/07/21,Playlist track
Bazzi Â· Camila Cabello - Beautiful (feat. Camila Cabello),,,3/07/21,Playlist track
Ariana Grande - no tears left to cry,,,3/07/21,Playlist track
Flo Rida - Whistle,,,3/07/21,Playlist track
"Snoop Dogg Â· Wiz Khalifa Â· Bruno Mars - Young, Wild & Free (feat. Bruno Mars)",,,3/07/21,Playlist track
Sam Smith - Too Good At Goodbyes,,,3/07/21,Playlist track
Dua Lipa - IDGAF,,,3/07/21,Playlist track
Imagine Dragons Â· Arcane Â· League Of Legends - Enemy (From the series Arcane League of Legends),,,3/07/21,Playlist track
Post Malone Â· The Weeknd - One Right Now,,,3/07/21,Playlist track
Camila Cabello Â· Quavo - OMG,,,3/07/21,Playlist track
Khalid Â· Normani - Love Lies,,,3/07/21,Playlist track
Hailee Steinfeld Â· BloodPopÂ® - Capital Letters,,,3/07/21,Playlist track
"Machine Gun Kelly, Camila Cabello - Bad Things (Official Music Video)",,,3/07/21,Playlist track
Lewis Capaldi - Before You Go,,,3/07/21,Playlist track
Charlie Puth - Light Switch,,,3/07/21,Playlist track
"Lauv Â· Anne-Marie - fuck, iâ€™m lonely",,,3/07/21,Playlist track
Shawn Mendes Â· Khalid - Youth,,,3/07/21,Playlist track
Sam Smith - I'm Not The Only One,,,3/07/21,Playlist track
WALK THE MOON - Shut Up and Dance,,,3/07/21,Playlist track
The Vamps - Just My Type,,,3/07/21,Playlist track
Jonas Blue Â· Liam Payne Â· Lennon Stella - Polaroid,,,3/07/21,Playlist track
Louis Tomlinson Â· Bebe Rexha Â· Digital Farm Animals - Back to You,,,3/07/21,Playlist track
Charlie Puth - LA Girls,,,3/07/21,Playlist track
Charlie Puth - BOY [Official Audio],,,3/07/21,Playlist track
Charlie Puth - Empty Cups [Official Audio],,,3/07/21,Playlist track
Charlie Puth - Slow It Down [Official Audio],,,3/07/21,Playlist track
Shawn Mendes - 305 (Lyric Video),,,3/07/21,Playlist track
Lauv - Paris in the Rain [Official Video],,,3/07/21,Playlist track
Martin Garrix Â· Dua Lipa - Scared to Be Lonely,,,3/07/21,Playlist track
Logic Â· Alessia Cara Â· Khalid - 1-800-273-8255,,,3/07/21,Playlist track
Sam Smith Â· Normani - Dancing With A Stranger (with Normani),,,3/07/21,Playlist track
The Weeknd - Earned It (Fifty Shades Of Grey),,,3/07/21,Playlist track
Queen - Don't Stop Me Now (Official Video),,,3/07/21,Playlist track
R. City Â· Adam Levine - Locked Away,,,3/07/21,Playlist track
Maroon 5 - One More Night,,,3/07/21,Playlist track
Martin Garrix Â· Khalid - Ocean,,,3/07/21,Playlist track
Khalid - 8TEEN,,,3/07/21,Playlist track
Michael Jackson - Smooth Criminal (2012 Remaster),,,3/07/21,Playlist track
Michael Jackson - Billie Jean (Official Video),,,3/07/21,Playlist track
Michael Jackson - Beat It (Official 4K Video),,,3/07/21,Playlist track
Queen - Another One Bites the Dust (Official Video),,,3/07/21,Playlist track
G-Eazy & Halsey - Him & I (Official Video),,,3/07/21,Playlist track
Iggy Azalea Â· Charli XCX - Fancy,,,3/07/21,Playlist track
"Lil Wayne, Wiz Khalifa & Imagine Dragons w/ Logic & Ty Dolla $ign ft X Ambassadors - Sucker for Pain",,,3/07/21,Playlist track
Shawn Mendes - Mercy (Official Music Video),,,3/07/21,Playlist track
Mike Posner - I Took A Pill In Ibiza (Seeb Remix) (Explicit),,,3/07/21,Playlist track
XXXTENTACION - Jocelyn Flores (Lyrics),,,3/07/21,Playlist track
OneRepublic - Let's Hurt Tonight,,,3/07/21,Playlist track
Lizzo - Good As Hell (Official Music Video),,,3/07/21,Playlist track
Khalid - Location,,,3/07/21,Playlist track
Fireboy DML Â· Ed Sheeran - Peru,,,3/07/21,Playlist track
OneRepublic - Someday,,,3/07/21,Playlist track
OneRepublic - Apologize,,,3/07/21,Playlist track
Jason Derulo - Colors (Lyrics),,,3/07/21,Playlist track
Halsey - Colors,,,3/07/21,Playlist track
Khalid - Cold Blooded,,,3/07/21,Playlist track
Meghan Trainor Â· John Legend - Like I'm Gonna Lose You,,,3/07/21,Playlist track
Camila Cabello - Never Be the Same (Radio Edit),,,3/07/21,Playlist track
Khalid Â· 6LACK Â· Ty Dolla $ign - OTW,,,3/07/21,Playlist track
Sean Paul Â· Dua Lipa - No Lie,,,3/07/21,Playlist track
M.C. Hammer - U Can't Touch This,,,3/07/21,Playlist track
will.i.am Â· Britney Spears - Scream & Shout,,,3/07/21,Playlist track
Anne-Marie & James Arthur - Rewrite The Stars [from The Greatest Showman: Reimagined],,,3/07/21,Playlist track
Khalid Â· A Boogie Wit Da Hoodie - Right Back,,,3/07/21,Playlist track
Sam Smith - Stay With Me,,,3/07/21,Playlist track
The Weeknd Â· Doja Cat - In Your Eyes (Remix),,,3/07/21,Playlist track
NF - The Search,,,3/07/21,Playlist track
NF - If You Want Love,,,3/07/21,Playlist track
dhruv - double take,,,3/07/21,Playlist track
BoyWithUke - Toxic,,,3/07/21,Playlist track
Khalid - Last Call,,,3/07/21,Playlist track
Tate McRae Â· Khalid - working,,,3/07/21,Playlist track
Sia - Unstoppable,,,3/07/21,Playlist track
BoyWithUke - Long Drives,,,3/07/21,Playlist track
Arctic Monkeys - Why'd You Only Call Me When You're High?,,,3/07/21,Playlist track
Everyday Normal Guy 2,,,3/07/21,Playlist track
Alexander Stewart Â· Dave AudÃ© Â· Jonathan Thulin - Best Damn Thing,,,3/07/21,Playlist track
Kiana LedÃ© - Fairplay,,,3/07/21,Playlist track
OneRepublic - Counting Stars,,,3/07/21,Playlist track
Doja Cat Â· SZA - Kiss Me More,,,3/07/21,Playlist track
G-Eazy Â· Kehlani - Good Life,,,3/07/21,Playlist track
Labrinth Â· Zendaya - All For Us (from the HBO Original Series Euphoria),,,3/07/21,Playlist track
dhruv - moonlight,,,3/07/21,Playlist track
Bruno Mars - Treasure,,,3/07/21,Playlist track
Lauv - Never Not,,,3/07/21,Playlist track
Ed Sheeran - New Man,,,3/07/21,Playlist track
Harry Styles - As It Was,,,3/07/21,Playlist track
ZAYN Â· Devlin - Windowsill,,,3/07/21,Playlist track
Hailee Steinfeld Â· Alesso Â· Florida Georgia Line Â· WATT - Let Me Go,,,3/07/21,Playlist track
Charlie Puth - That's Hilarious,,,3/07/21,Playlist track
Jeremy Zucker - comethru,,,3/07/21,Playlist track
Alexander Stewart - House of Cards,,,3/07/21,Playlist track
"LSD - Genius ft. Sia, Diplo, Labrinth",,,3/07/21,Playlist track
Bruno Mars - Just The Way You Are (Official Music Video),,,3/07/21,Playlist track
Halsey - You should be sad,,,3/07/21,Playlist track
2WEI - Toxic,,,3/07/21,Playlist track
The Kid LAROI - Thousand Miles (Official Video),,,3/07/21,Playlist track
"Ariana Grande - break up with your girlfriend, i'm bored",,,3/07/21,Playlist track
Maroon 5 Â· Future - Cold,,,3/07/21,Playlist track
Ed Sheeran - Stop The Rain,,,3/07/21,Playlist track
Coldplay - Paradise,,,3/07/21,Playlist track
Billie Eilish - Happier Than Ever (64th GRAMMY Awards Performance),,,3/07/21,Playlist track
Dove Cameron - MONTERO (Call Me By Your Name) in the Live Lounge,,,3/07/21,Playlist track
Dove Cameron - Boyfriend (Official Video),,,3/07/21,Playlist track
Ed Sheeran Â· Skrillex - Way To Break My Heart (feat. Skrillex),,,3/07/21,Playlist track
Owl City & Carly Rae Jepsen - Good Time (Official Video),,,3/07/21,Playlist track
Biggie Smalls feat. Thomas the Tank Engine,,,3/07/21,Playlist track
Clinton Kane - I GUESS I'M IN LOVE,,,3/07/21,Playlist track
CuBox Â· Shiloh Dynasty - Losing Interest,,,3/07/21,Playlist track
Maroon 5 Â· SZA - What Lovers Do,,,3/07/21,Playlist track
"Olivia Rodrigo - jealousy, jealousy",,,3/07/21,Playlist track
"Ariana Grande, The Weeknd - off the table (audio)",,,3/07/21,Playlist track
Swedish House Mafia and The Weeknd - Moth To A Flame (Official Video),,,3/07/21,Playlist track
EMELINE - cinderella's dead (Visualizer),,,3/07/21,Playlist track
Doja Cat Â· The Weeknd - You Right,,,3/07/21,Playlist track
The Weeknd - Die For You,,,3/07/21,Playlist track
The Weeknd - Call Out My Name,,,3/07/21,Playlist track
Jonas Blue Â· Jack & Jack - Rise,,,3/07/21,Playlist track
Lauv - All 4 Nothing (I'm So In Love),,,3/07/21,Playlist track
Sasha Alex Sloan - Dancing With Your Ghost,,,3/07/21,Playlist track
Jack Harlow - First Class,,,3/07/21,Playlist track
Jack Harlow Â· Drake - Churchill Downs (feat. Drake),,,3/07/21,Playlist track
A Man Without Love LYRICS Video Engelbert Humperdinck 1968 ğŸŒ™ Moon Knight Episode 1,,,3/07/21,Playlist track
Harry Styles - Music For a Sushi Restaurant,,,3/07/21,Playlist track
Harry Styles - Matilda,,,3/07/21,Playlist track
Nicki Minaj - Super Bass,,,3/07/21,Playlist track
Selena Gomez & The Scene - Love You Like A Love Song,,,3/07/21,Playlist track
Selena Gomez - Kill Em With Kindness,,,3/07/21,Playlist track
Hozier - Work Song,,,3/07/21,Playlist track
Billie Eilish - bury a friend,,,3/07/21,Playlist track
blackbear - idfc,,,3/07/21,Playlist track
Maroon 5 - If I Never See Your Face Again ft. Rihanna (Official Music Video),,,3/07/21,Playlist track
Ariana Grande Â· Zedd - Break Free,,,3/07/21,Playlist track
Ariana Grande Â· Big Sean - Best Mistake,,,3/07/21,Playlist track
Ed Sheeran Â· Stormzy - Take Me Back to London (feat. Stormzy),,,3/07/21,Playlist track
Calvin Harris Â· Pharrell Williams Â· Katy Perry Â· Big Sean - Feels,,,3/07/21,Playlist track
Why Don't We - What Am I,,,3/07/21,Playlist track
Camila Cabello - Real Friends,,,3/07/21,Playlist track
Maroon 5 - Wait,,,3/07/21,Playlist track
Joji - Glimpse of Us,,,3/07/21,Playlist track
Labrinth â€“ Forever (Official Audio) | euphoria (Original Score from the HBO Series),,,3/07/21,Playlist track
"Phillip Phillips - Gone, Gone, Gone",,,3/07/21,Playlist track
Arman Cekin - Better Days (ft. Faydee & Karra),,,3/07/21,Playlist track
MAX Â· Chromeo Â· Dave Macklovitch Â· Imad Royal Â· Maxwell Schneider Â· Patrick Gemayel Â· RogÃ©t Chahayed Â· Sam Fischer Â· Sean Douglas - Checklist (feat. Chromeo),,,3/07/21,Playlist track
Why Don't We - 8 Letters,,,3/07/21,Playlist track
One Direction - You & I,,,3/07/21,Playlist track
P!nk - Just Give Me A Reason ft. Nate Ruess,,,3/07/21,Playlist track
Charlie Puth - Left And Right (feat. Jung Kook of BTS) [Official Video],,,3/07/21,Playlist track
OneRepublic Â· Alesso - If I Lose Myself (Alesso vs OneRepublic),,,3/07/21,Playlist track
Jack Harlow - Dua Lipa,,,3/07/21,Playlist track
Los Del Rio - Macarena (Bayside Boys Remix),,,3/07/21,Playlist track
Eminem - Mockingbird,,,3/07/21,Playlist track
"Eminem - 8 Mile (From ""8 Mile"" Soundtrack)",,,3/07/21,Playlist track
"Jack Harlow - WHATS POPPIN feat. Dababy, Tory Lanez, & Lil Wayne [Official Video]",,,3/07/21,Playlist track
Harddope Â· Halvorsen Â· LexMorris - More Than You Know,,,3/07/21,Playlist track
Shawn Mendes - Fallin' All In You,,,3/07/21,Playlist track
Ed Sheeran - Supermarket Flowers,,,3/07/21,Playlist track
Lauv - Feelings,,,3/07/21,Playlist track
Dr. Dre Â· Snoop Dogg - Still D.R.E.,,,3/07/21,Playlist track
Shawn Mendes - Where Were You In The Morning?,,,3/07/21,Playlist track
Nicky Youre Â· dazy - Sunroof,,,3/07/21,Playlist track
Kate Bush - Running Up That Hill (A Deal With God),,,3/07/21,Playlist track
Arctic Monkeys - I Wanna Be Yours,,,3/07/21,Playlist track
Sabrina Carpenter - skinny dipping (Acoustic),,,3/07/21,Playlist track
Alec Benjamin - Devil Doesnâ€™t Bargain,,,3/07/21,Playlist track
AJR - World's Smallest Violin (Official Video),,,3/07/21,Playlist track
NF - Time,,,3/07/21,Playlist track
Harry Styles - Late Night Talking,,,3/07/21,Playlist track
Post Malone Â· Doja Cat - I Like You (A Happier Song),,,3/07/21,Playlist track
Hollow Coves - The Woods,,,3/07/21,Playlist track
John Lennon - Imagine (Remastered 2010),,,3/07/21,Playlist track
Bruno Mars - Marry You (Official Lyric Video),,,3/07/21,Playlist track
Taylor Swift - I Knew You Were Trouble.,,,3/07/21,Playlist track
Selena Gomez Â· Gucci Mane - Fetish,,,3/07/21,Playlist track
ZAYN - There You Are,,,3/07/21,Playlist track
Selena Gomez - Rare,,,3/07/21,Playlist track
Halsey - New Americana,,,3/07/21,Playlist track
Maroon 5 - Won't Go Home Without You,,,3/07/21,Playlist track
Ed Sheeran - Dive,,,3/07/21,Playlist track
Kodaline - All I Want,,,3/07/21,Playlist track
5 Seconds of Summer - Ghost Of You,,,3/07/21,Playlist track
Stract Â· Shiloh Dynasty Â· Burgettii - Losing Interest (Remix),,,3/07/21,Playlist track
Ed Sheeran - All of the Stars,,,3/07/21,Playlist track
Dennis Lloyd - Nevermind,,,3/07/21,Playlist track
keshi - less of you,,,3/07/21,Playlist track
Eminem - Walk On Water (Audio) ft. BeyoncÃ©,,,3/07/21,Playlist track
Cecilia Krull - My Life Is Going On (MÃºsica Original De La Serie De TV La Casa De Papel / Money Heist),,,3/07/21,Playlist track
OneRepublic - I Ainâ€™t Worried (From â€œTop Gun: Maverickâ€) [Official Music Video],,,3/07/21,Playlist track
Billie Eilish - everything i wanted,,,3/07/21,Playlist track
The Weeknd - Out of Time,,,3/07/21,Playlist track
Charlie Puth - Losing My Mind [Official Audio],,,3/07/21,Playlist track
Alec Benjamin - Older [Official Music Video],,,3/07/21,Playlist track
Troye Sivan - Angel Baby (Visualiser),,,3/07/21,Playlist track
Lauv Â· BTS - Who,,,3/07/21,Playlist track
Calum Scott - Dancing On My Own (Official Video),,,3/07/21,Playlist track
Charlie Puth - I Don't Think That I Like Her (Official Audio),,,3/07/21,Playlist track
Calum Scott - You Are The Reason (Official Video),,,3/07/21,Playlist track
Jack & Jack - Groove (Official Music Video),,,3/07/21,Playlist track
Jordan Fisher - All About Us (Official Video),,,3/07/21,Playlist track
5 Seconds of Summer - Wildflower (Official Video),,,3/07/21,Playlist track
Billie Eilish - idontwannabeyouanymore (Vertical Video),,,3/07/21,Playlist track
Bishop Briggs - River,,,3/07/21,Playlist track
Alessia Cara - Here (Lucian Remix),,,3/07/21,Playlist track
FINNEAS - I Don't Miss You at All,,,3/07/21,Playlist track
Charlie Puth - Charlie Be Quiet!,,,3/07/21,Playlist track
Charlie Puth - Smells Like Me,,,3/07/21,Playlist track
Charlie Puth - Loser,,,3/07/21,Playlist track
Charlie Puth - Marks On My Neck,,,3/07/21,Playlist track
Charlie Puth - Tears On My Piano,,,3/07/21,Playlist track
Charlie Puth - No More Drama,,,3/07/21,Playlist track
Mina Okabe - Every Second,,,3/07/21,Playlist track
Billie Eilish - my future,,,3/07/21,Playlist track
Tom Odell - Another Love,,,3/07/21,Playlist track
Alec Benjamin - Oh My God,,,3/07/21,Playlist track
Yung Gravy - Betty (Get Money) (Official Music Video),,,3/07/21,Playlist track
Shawn Mendes - Mutual,,,3/07/21,Playlist track
Charlie Puth - Some Type of Love,,,3/07/21,Playlist track
"Sam Smith, Kim Petras - Unholy (Official Music Video)",,,3/07/21,Playlist track
Halsey - Castle,,,3/07/21,Playlist track
Charlie Puth - When Youâ€™re Sad Iâ€™m Sad,,,3/07/21,Playlist track
Shawn Mendes Â· Julia Michaels - Like To Be You,,,3/07/21,Playlist track
Imagine Dragons - Bones (Official Lyric Video),,,3/07/21,Playlist track
Azooz Â· SangeetKir Â· PINNOCIO Â· Saksham Kir Â· Abdul Aziz - Lavender,,,3/07/21,Playlist track
Halsey - Finally // beautiful stranger,,,3/07/21,Playlist track
Anson Seabra - Walked Through Hell (Acoustic),,,3/07/21,Playlist track
Adele - Skyfall (Lyric Video),,,3/07/21,Playlist track
Daft Punk Â· Pharrell Williams Â· Nile Rodgers - Get Lucky,,,3/07/21,Playlist track
Vince Staples Â· Yugen Blakrok - Opps,,,3/07/21,Playlist track
Jorja Smith - I Am,,,3/07/21,Playlist track
Lauv - Drugs & The Internet,,,3/07/21,Playlist track
Why Don't We - Talk,,,3/07/21,Playlist track
Lil Wayne Â· Charlie Puth - Nothing but Trouble (Instagram Models),,,3/07/21,Playlist track
Stephen Sanchez Â· Em Beihold - Until I Found You (Em Beihold Version),,,3/07/21,Playlist track
JVKE Â· Charlie Puth - Upside Down (feat. Charlie Puth),,,3/07/21,Playlist track
Ed Sheeran - Don't,,,3/07/21,Playlist track
NOAH - AZOOZ  (PROD BY: @prodbyvedang ),,,3/07/21,Playlist track
Regard Â· Troye Sivan Â· Tate McRae - You,,,3/07/21,Playlist track
Justin Bieber - What Do You Mean?,,,3/07/21,Playlist track
Jonas Brothers - Who's In Your Head,,,3/07/21,Playlist track
The Chainsmokers Â· Drew Love - Somebody,,,3/07/21,Playlist track
Eminem Â· Dido - Stan,,,3/07/21,Playlist track
Khalid - Up All Night,,,3/07/21,Playlist track
Vianney Â· Ed Sheeran Â· Vianney Â· Ed Sheeran Â· Vianney Â· Ed Sheeran - Call on me (feat. Ed Sheeran),,,3/07/21,Playlist track
Machine Gun Kelly - el Diablo,,,3/07/21,Playlist track
OneRepublic - West Coast,,,3/07/21,Playlist track
Post Malone Â· Future Â· Halsey - Die For Me,,,3/07/21,Playlist track
Logic Â· Wiz Khalifa - Still Ballin,,,3/07/21,Playlist track
The Kid LAROI Â· Lil Mosey - WRONG,,,3/07/21,Playlist track
Charlie Puth - In The Dark [Official Audio],,,3/07/21,Playlist track
Post Malone Â· Young Thug - Goodbyes,,,3/07/21,Playlist track
Russ - Missin You Crazy,,,3/07/21,Playlist track
XXXTENTACION - the remedy for a broken heart (why am I so in love),,,3/07/21,Playlist track
"Ariana Grande, Social House - boyfriend (Official Video)",,,3/07/21,Playlist track
JVKE - golden hour (official music video),,,3/07/21,Playlist track
Adele - Set Fire to the Rain,,,3/07/21,Playlist track
Metro Boomin Â· Gunna - Space Cadet,,,3/07/21,Playlist track
SHAKIRA || BZRP Music Sessions #53,,,3/07/21,Playlist track
Khalid - Hundred,,,3/07/21,Playlist track
Troye Sivan - Strawberries & Cigarettes,,,3/07/21,Playlist track
